{
  "deck1_bounds": [
    1,
    1,
    958,
    114
  ],
  "deck2_bounds": [
    955,
    2,
    1918,
    113
  ],
  "deck1_regions": {
    "title": {
      "corners": [
        [
          113,
          6
        ],
        [
          771,
          8
        ],
        [
          770,
          38
        ],
        [
          113,
          39
        ]
      ],
      "bounding_box": {
        "x": [
          113,
          771
        ],
        "y": [
          6,
          39
        ]
      },
      "percentages": {
        "x_start": 0.1180773249738767,
        "x_end": 0.7,
        "y_start": 0.035398230088495575,
        "y_end": 0.25
      }
    },
    "artist": {
      "corners": [
        [
          113,
          41
        ],
        [
          237,
          41
        ],
        [
          238,
          61
        ],
        [
          112,
          60
        ]
      ],
      "bounding_box": {
        "x": [
          112,
          238
        ],
        "y": [
          41,
          61
        ]
      },
      "percentages": {
        "x_start": 0.11703239289446186,
        "x_end": 0.24869383490073146,
        "y_start": 0.375,
        "y_end": 0.5398230088495575
      }
    },
    "bpm": {
      "corners": [
        [
          252,
          40
        ],
        [
          294,
          41
        ],
        [
          295,
          59
        ],
        [
          250,
          58
        ]
      ],
      "bounding_box": {
        "x": [
          250,
          295
        ],
        "y": [
          40,
          59
        ]
      },
      "percentages": {
        "x_start": 0.2612330198537095,
        "x_end": 0.30825496342737724,
        "y_start": 0.35398230088495575,
        "y_end": 0.5221238938053098
      }
    },
    "key": {
      "corners": [
        [
          891,
          19
        ],
        [
          938,
          18
        ],
        [
          936,
          56
        ],
        [
          890,
          55
        ]
      ],
      "bounding_box": {
        "x": [
          890,
          938
        ],
        "y": [
          18,
          56
        ]
      },
      "percentages": {
        "x_start": 0.9299895506792059,
        "x_end": 0.9801462904911181,
        "y_start": 0.1592920353982301,
        "y_end": 0.49557522123893805
      }
    }
  },
  "deck2_regions": {
    "title": {
      "corners": [
        [
          15,
          8
        ],
        [
          672,
          11
        ],
        [
          672,
          38
        ],
        [
          15,
          38
        ]
      ],
      "bounding_box": {
        "x": [
          15,
          672
        ],
        "y": [
          8,
          38
        ]
      },
      "percentages": {
        "x_start": 0.01557632398753894,
        "x_end": 0.3,
        "y_start": 0.05405405405405406,
        "y_end": 0.2
      }
    },
    "artist": {
      "corners": [
        [
          15,
          40
        ],
        [
          95,
          39
        ],
        [
          95,
          58
        ],
        [
          14,
          58
        ]
      ],
      "bounding_box": {
        "x": [
          14,
          95
        ],
        "y": [
          39,
          58
        ]
      },
      "percentages": {
        "x_start": 0.014537902388369679,
        "x_end": 0.09865005192107996,
        "y_start": 0.375,
        "y_end": 0.5398230088495575
      }
    },
    "bpm": {
      "corners": [
        [
          107,
          39
        ],
        [
          146,
          39
        ],
        [
          146,
          56
        ],
        [
          107,
          55
        ]
      ],
      "bounding_box": {
        "x": [
          107,
          146
        ],
        "y": [
          39,
          56
        ]
      },
      "percentages": {
        "x_start": 0.1111111111111111,
        "x_end": 0.15160955347871236,
        "y_start": 0.35135135135135137,
        "y_end": 0.5045045045045045
      }
    },
    "key": {
      "corners": [
        [
          791,
          21
        ],
        [
          818,
          20
        ],
        [
          819,
          48
        ],
        [
          792,
          45
        ]
      ],
      "bounding_box": {
        "x": [
          791,
          819
        ],
        "y": [
          20,
          48
        ]
      },
      "percentages": {
        "x_start": 0.8213914849428868,
        "x_end": 0.8504672897196262,
        "y_start": 0.18018018018018017,
        "y_end": 0.43243243243243246
      }
    }
  },
  "deck1_play_button": [
    0,
    356,
    123,
    441
  ],
  "deck2_play_button": [
    1805,
    355,
    1913,
    439
  ]
}